image	scene	shot	crop
vgs.agent-warden-panel.webp	panels	panels-dark-warden-problem	content
vgs.automations-page.webp	settings	settings-dark-automations	content
vgs.bar-bar.webp	bar	bar-dark	bar
vgs.devtools-window.webp	devtools	devtools-dark-p2	content
vgs.gallery-window.webp	gallery	gallery-dark-p1	content
vgs.jarvis-page.webp	settings	settings-dark-jarvis	content
vgs.launcher-list.webp	launcher	launcher-dark-list	content
vgs.lock-screen.webp	lock	lock-dark-wrong	full
vgs.notifications-inbox.webp	notifications	notifications-dark-inbox	content
vgs.notifications-toasts.webp	notifications	notifications-dark-toasts	content
vgs.polkit-prompt.webp	polkit	polkit-dark	full
vgs.settings-page.webp	settings	settings-dark-keys	content
vgs.themes-browser.webp	theme-browser	theme-browser-dark-installed-frankenstein	full
vgs.updates-flyout.webp	panels	panels-dark-updates-open	content
